resi	field	time	intensity
51	14.1	0.004	1624.219428
51	14.1	0.008	1491.46728
51	14.1	0.024	1022.717456
51	14.1	0.064	448.038543
51	14.1	0.096	270.116745
51	14.1	0.144	148.671651
51	14.1	0.208	103.322608
52	14.1	0.004	1614.38584
52	14.1	0.008	1500.47205
52	14.1	0.024	985.92621
52	14.1	0.064	386.851286
52	14.1	0.096	219.239347
52	14.1	0.144	68.960746
52	14.1	0.208	14.111535
53	14.1	0.004	2357.652142
53	14.1	0.008	2294.012362
53	14.1	0.024	1611.529523
53	14.1	0.064	704.344013
53	14.1	0.096	392.049951
53	14.1	0.144	153.4915
53	14.1	0.208	42.171928
54	14.1	0.004	2215.698179
54	14.1	0.008	2040.452443
54	14.1	0.024	1370.101093
54	14.1	0.064	548.204232
54	14.1	0.096	319.674016
54	14.1	0.144	102.403781
54	14.1	0.208	33.466528
55	14.1	0.004	1974.503833
55	14.1	0.008	1845.272298
55	14.1	0.024	1331.737496
55	14.1	0.064	543.606759
55	14.1	0.096	286.865765
55	14.1	0.144	111.000526
55	14.1	0.208	34.291668
56	14.1	0.004	4869.023926
56	14.1	0.008	4409.967476
56	14.1	0.024	3568.78758
56	14.1	0.064	2058.462342
56	14.1	0.096	1386.000648
56	14.1	0.144	762.086314
56	14.1	0.208	348.150072
51	21.1	0.004	58597.4375
51	21.1	0.008	51579.929688
51	21.1	0.024	33917.402344
51	21.1	0.064	13755.859375
51	21.1	0.096	7755.25
51	21.1	0.144	6441.057129
51	21.1	0.208	3995.350098
52	21.1	0.004	64577.527344
52	21.1	0.008	54984.53125
52	21.1	0.024	33263.023438
52	21.1	0.064	8864.541992
52	21.1	0.096	4201.022461
52	21.1	0.144	1293.646605
52	21.1	0.208	-175.851531
53	21.1	0.004	107910.101562
53	21.1	0.008	95263.65625
53	21.1	0.024	61353.617188
53	21.1	0.064	21499.855469
53	21.1	0.096	9216.945312
53	21.1	0.144	2485.522949
53	21.1	0.208	340.246797
54	21.1	0.004	85212.34375
54	21.1	0.008	80418.117188
54	21.1	0.024	48065.652344
54	21.1	0.064	16185.574219
54	21.1	0.096	6774.954102
54	21.1	0.144	2128.845703
54	21.1	0.208	847.895934
55	21.1	0.004	90061.132812
55	21.1	0.008	79942.765625
55	21.1	0.024	47458.800781
55	21.1	0.064	17549.28125
55	21.1	0.096	6574.087402
55	21.1	0.144	2183.953125
55	21.1	0.208	431.806883
56	21.1	0.004	194527.859375
56	21.1	0.008	180629.546875
56	21.1	0.024	140910.953125
56	21.1	0.064	69596.390625
56	21.1	0.096	40665.910156
56	21.1	0.144	17847.492188
56	21.1	0.208	5868.691406
